{"loss": [2.568892478942871, 2.056076765060425, 1.9128223657608032, 1.8615376949310303, 1.7802915573120117, 1.728311538696289, 1.6975644826889038, 1.6361709833145142, 1.6211999654769897, 1.5713205337524414, 1.5315345525741577, 1.5162235498428345, 1.4912413358688354, 1.4586503505706787, 1.4391529560089111, 1.398758888244629, 1.381772518157959, 1.3541524410247803, 1.3264786005020142, 1.3071627616882324], "color_loss": [0.9197458624839783, 0.6971452236175537, 0.6235891580581665, 0.6002926230430603, 0.568844199180603, 0.5464067459106445, 0.5400251746177673, 0.5183610320091248, 0.5076682567596436, 0.49752604961395264, 0.4865885376930237, 0.47182488441467285, 0.4667762815952301, 0.4606524705886841, 0.4577745497226715, 0.45331498980522156, 0.4428368806838989, 0.42492666840553284, 0.42554807662963867, 0.404680073261261], "shape_loss": [0.7658019065856934, 0.5737001299858093, 0.5322610139846802, 0.5209704637527466, 0.502278745174408, 0.4913989007472992, 0.480004221200943, 0.4600379765033722, 0.4609280526638031, 0.44237175583839417, 0.4371248781681061, 0.4368623197078705, 0.43642401695251465, 0.4271358847618103, 0.41715747117996216, 0.4043537974357605, 0.4070676863193512, 0.4098152220249176, 0.39726173877716064, 0.4044819176197052], "quality_loss": [0.3738521933555603, 0.2764594554901123, 0.2519410252571106, 0.2403397262096405, 0.21561464667320251, 0.2046612799167633, 0.20000705122947693, 0.18886370956897736, 0.192562073469162, 0.1809249371290207, 0.16765719652175903, 0.17810913920402527, 0.17078448832035065, 0.16461512446403503, 0.16882653534412384, 0.15645180642604828, 0.1563790738582611, 0.15428708493709564, 0.1480380892753601, 0.1512925773859024], "color_accuracy": [0.667954683303833, 0.7254672646522522, 0.7482926249504089, 0.7605140209197998, 0.7707584500312805, 0.7763299942016602, 0.7806434035301208, 0.7856757640838623, 0.7939432263374329, 0.7989755868911743, 0.797897219657898, 0.8054457306861877, 0.8131739497184753, 0.8128145337104797, 0.8087706565856934, 0.8177570104598999, 0.8228791952133179, 0.8238677382469177, 0.8267433643341064, 0.8353702425956726], "shape_accuracy": [0.7326563596725464, 0.7833393216133118, 0.7964593768119812, 0.8043673634529114, 0.8068835139274597, 0.8109273910522461, 0.8169482350349426, 0.8206326365470886, 0.8218008875846863, 0.8312365412712097, 0.8306973576545715, 0.8337526917457581, 0.837437093257904, 0.8352803587913513, 0.8362688422203064, 0.8384255766868591, 0.8423795700073242, 0.8388749361038208, 0.8428289294242859, 0.8391445279121399], "quality_accuracy": [0.8761682510375977, 0.8971962332725525, 0.9035765528678894, 0.9082494378089905, 0.913551390171051, 0.919482409954071, 0.917235791683197, 0.920201301574707, 0.9221782684326172, 0.9267613291740417, 0.9309849143028259, 0.9269410371780396, 0.9306254386901855, 0.9297268390655518, 0.9310747385025024, 0.9335909485816956, 0.9367361664772034, 0.935657799243927, 0.9385334253311157, 0.9355679154396057], "val_loss": [6.645066261291504, 1.7667843103408813, 1.615594744682312, 1.580377221107483, 1.518084168434143, 1.5542043447494507, 1.4356669187545776, 1.4857052564620972, 1.4636527299880981, 1.4462281465530396, 1.4840906858444214, 1.3089747428894043, 1.4303021430969238, 1.2936872243881226, 1.3003826141357422, 1.3533127307891846, 1.2474228143692017, 1.22808837890625, 1.2188546657562256, 1.260019063949585], "val_color_loss": [2.9504621028900146, 0.5131179690361023, 0.4837127923965454, 0.4578370451927185, 0.43254920840263367, 0.4775846600532532, 0.388674259185791, 0.42948681116104126, 0.4410201609134674, 0.4392170011997223, 0.48676809668540955, 0.3718046247959137, 0.43803057074546814, 0.35370367765426636, 0.365308940410614, 0.4014612138271332, 0.3697463572025299, 0.3617304563522339, 0.347726970911026, 0.4217508137226105], "val_shape_loss": [2.302516460418701, 0.5292785167694092, 0.4423886835575104, 0.4538785219192505, 0.42835816740989685, 0.42113953828811646, 0.4060332775115967, 0.42887112498283386, 0.4032646417617798, 0.4081130027770996, 0.40817803144454956, 0.37090572714805603, 0.4131285846233368, 0.3862837851047516, 0.4020707309246063, 0.40163740515708923, 0.3713876008987427, 0.3718143105506897, 0.37940752506256104, 0.36101269721984863], "val_quality_loss": [0.8822734951972961, 0.21718302369117737, 0.18673984706401825, 0.17168408632278442, 0.16730453073978424, 0.17380200326442719, 0.16762521862983704, 0.16296476125717163, 0.16392503678798676, 0.1535794883966446, 0.15385256707668304, 0.14291730523109436, 0.1674955040216446, 0.15253755450248718, 0.1435166895389557, 0.1697692573070526, 0.13593675196170807, 0.13446970283985138, 0.14091908931732178, 0.13480119407176971], "val_color_accuracy": [0.38389647006988525, 0.8026599287986755, 0.8148813843727112, 0.8181164860725403, 0.8314162492752075, 0.8044572472572327, 0.8421998620033264, 0.837886393070221, 0.8220704793930054, 0.8091301321983337, 0.7911574244499207, 0.8554996252059937, 0.821711003780365, 0.8598130941390991, 0.8515456318855286, 0.8386053442955017, 0.857296884059906, 0.8501078486442566, 0.8655643463134766, 0.8278217315673828], "val_shape_accuracy": [0.5686556696891785, 0.7947520017623901, 0.8274622559547424, 0.8195542693138123, 0.8332135081291199, 0.8457943797111511, 0.8443565964698792, 0.821711003780365, 0.8386053442955017, 0.8436376452445984, 0.8342918753623962, 0.855140209197998, 0.8400431275367737, 0.837167501449585, 0.8303378820419312, 0.8310567736625671, 0.8447160124778748, 0.8526239991188049, 0.8475916385650635, 0.85657799243927], "val_quality_accuracy": [0.855859100818634, 0.9011502265930176, 0.9227174520492554, 0.920201301574707, 0.9324226975440979, 0.9327821731567383, 0.9273903369903564, 0.9317038059234619, 0.9302660226821899, 0.9331416487693787, 0.9338605403900146, 0.935657799243927, 0.9299065470695496, 0.9342199563980103, 0.9374550580978394, 0.9309849143028259, 0.9396117925643921, 0.9435657858848572, 0.9403306841850281, 0.9428468942642212]}